特征名称,VIF值
渠道覆盖率,25.520242283839686
线上曝光量,25.11651019597023
广告投放费用,20.55289288967718
铺货门店数,20.0331598758244
货架占比,18.918379101389554
竞品均价,8.642172035859213
本品定价,8.09334527291047
线下地推费用,3.3243562161807807
赠品数量,2.1732914718878193
社群触达人数,1.7879539382752412
节假日影响,1.5935844685717655
区域消费水平,1.5891155358038096
产品好评率,1.4817638726113518
品牌知名度,1.4569048027997393
促销折扣率,1.4358207580102336
